{"cameraMode":{"drawMode":0,"name":"Shaded","section":"Shading Mode"},"sceneLighting":false,"audioPlay":false,"sceneViewState":{"m_AlwaysRefresh":false,"showFog":true,"showSkybox":false,"showFlares":true,"showImageEffects":true,"showParticleSystems":true,"showVisualEffectGraphs":true,"m_FxEnabled":true},"in2DMode":false,"pivot":{"x":-0.15669608116149903,"y":4.145106792449951,"z":-0.12846624851226808},"rotation":{"x":0.19727066159248353,"y":0.6680622696876526,"z":-0.19051994383335114,"w":0.6917279362678528},"size":0.3326956629753113,"orthographic":false}