{"cameraMode":{"drawMode":0,"name":"Shaded","section":"Shading Mode"},"sceneLighting":true,"audioPlay":false,"sceneViewState":{"m_AlwaysRefresh":false,"showFog":true,"showSkybox":false,"showFlares":true,"showImageEffects":true,"showParticleSystems":true,"showVisualEffectGraphs":true,"m_FxEnabled":true},"in2DMode":false,"pivot":{"x":-0.02847306802868843,"y":1.6320966482162476,"z":6.175313949584961},"rotation":{"x":0.0036741953808814289,"y":0.9124465584754944,"z":-0.4091171324253082,"w":0.00821585301309824},"size":1.886175513267517,"orthographic":false}