{"cameraMode":{"drawMode":0,"name":"Shaded","section":"Shading Mode"},"sceneLighting":false,"audioPlay":false,"sceneViewState":{"m_AlwaysRefresh":false,"showFog":true,"showSkybox":false,"showFlares":true,"showImageEffects":true,"showParticleSystems":true,"showVisualEffectGraphs":true,"m_FxEnabled":true},"in2DMode":false,"pivot":{"x":-0.24387244880199433,"y":0.708582878112793,"z":4.209645748138428},"rotation":{"x":0.5749819874763489,"y":-0.02453587017953396,"z":0.017254628241062166,"w":0.8176167607307434},"size":6.012730598449707,"orthographic":false}