{"cameraMode":{"drawMode":0,"name":"Shaded","section":"Shading Mode"},"sceneLighting":false,"audioPlay":false,"sceneViewState":{"m_AlwaysRefresh":false,"showFog":true,"showSkybox":false,"showFlares":true,"showImageEffects":true,"showParticleSystems":true,"showVisualEffectGraphs":true,"m_FxEnabled":true},"in2DMode":false,"pivot":{"x":-0.10442981123924256,"y":-0.14170300960540772,"z":0.1115872859954834},"rotation":{"x":0.48934200406074526,"y":-0.05356784909963608,"z":0.030132535845041276,"w":0.86992347240448},"size":0.6371028423309326,"orthographic":false}