{"cameraMode":{"drawMode":0,"name":"Shaded","section":"Shading Mode"},"sceneLighting":false,"audioPlay":false,"sceneViewState":{"m_AlwaysRefresh":false,"showFog":true,"showSkybox":false,"showFlares":true,"showImageEffects":true,"showParticleSystems":true,"showVisualEffectGraphs":true,"m_FxEnabled":true},"in2DMode":false,"pivot":{"x":19.628517150878908,"y":0.5254637598991394,"z":25.306652069091798},"rotation":{"x":-0.078656405210495,"y":-0.6714151501655579,"z":0.07196912169456482,"w":-0.7334548830986023},"size":0.33670344948768618,"orthographic":false}