{"cameraMode":{"drawMode":0,"name":"Shaded","section":"Shading Mode"},"sceneLighting":false,"audioPlay":false,"sceneViewState":{"m_AlwaysRefresh":false,"showFog":true,"showSkybox":false,"showFlares":true,"showImageEffects":true,"showParticleSystems":true,"showVisualEffectGraphs":true,"m_FxEnabled":true},"in2DMode":false,"pivot":{"x":0.9587355852127075,"y":5.931013584136963,"z":-2.1108577251434328},"rotation":{"x":-0.006977669894695282,"y":0.9335943460464478,"z":-0.35781824588775637,"w":-0.018207889050245286},"size":0.0009644660167396069,"orthographic":false}