{"cameraMode":{"drawMode":0,"name":"Shaded","section":"Shading Mode"},"sceneLighting":false,"audioPlay":false,"sceneViewState":{"m_AlwaysRefresh":false,"showFog":true,"showSkybox":false,"showFlares":true,"showImageEffects":true,"showParticleSystems":true,"showVisualEffectGraphs":true,"m_FxEnabled":true},"in2DMode":false,"pivot":{"x":1.6754395961761475,"y":6.438918590545654,"z":-0.6618585586547852},"rotation":{"x":-0.006977669894695282,"y":0.9335943460464478,"z":-0.35781824588775637,"w":-0.018207889050245286},"size":4.239737510681152,"orthographic":false}