{"cameraMode":{"drawMode":0,"name":"Shaded","section":"Shading Mode"},"sceneLighting":false,"audioPlay":false,"sceneViewState":{"m_AlwaysRefresh":false,"showFog":true,"showSkybox":false,"showFlares":true,"showImageEffects":true,"showParticleSystems":true,"showVisualEffectGraphs":true,"m_FxEnabled":true},"in2DMode":false,"pivot":{"x":0.576997697353363,"y":0.11147111654281616,"z":0.5138236880302429},"rotation":{"x":-0.25437307357788088,"y":0.2771584987640381,"z":-0.07635083049535752,"w":-0.9233906269073486},"size":1.7514240741729737,"orthographic":false}