{"cameraMode":{"drawMode":0,"name":"Shaded","section":"Shading Mode"},"sceneLighting":false,"audioPlay":false,"sceneViewState":{"m_AlwaysRefresh":false,"showFog":true,"showSkybox":false,"showFlares":true,"showImageEffects":true,"showParticleSystems":true,"showVisualEffectGraphs":true,"m_FxEnabled":false},"in2DMode":false,"pivot":{"x":24.728666305541993,"y":0.15360873937606812,"z":24.173730850219728},"rotation":{"x":-0.10359044373035431,"y":0.742660403251648,"z":-0.11818144470453263,"w":-0.6509681344032288},"size":1.6653441190719605,"orthographic":false}