{"cameraMode":{"drawMode":0,"name":"Shaded","section":"Shading Mode"},"sceneLighting":false,"audioPlay":false,"sceneViewState":{"m_AlwaysRefresh":false,"showFog":true,"showSkybox":false,"showFlares":true,"showImageEffects":true,"showParticleSystems":true,"showVisualEffectGraphs":true,"m_FxEnabled":true},"in2DMode":false,"pivot":{"x":-0.2858808636665344,"y":0.08618342876434326,"z":-0.2054692804813385},"rotation":{"x":-0.13519133627414704,"y":-0.6490660309791565,"z":0.11871135979890824,"w":-0.7391558289527893},"size":0.4104599058628082,"orthographic":false}