{"cameraMode":{"drawMode":0,"name":"Shaded","section":"Shading Mode"},"sceneLighting":true,"audioPlay":false,"sceneViewState":{"m_AlwaysRefresh":false,"showFog":true,"showSkybox":true,"showFlares":true,"showImageEffects":true,"showParticleSystems":true,"showVisualEffectGraphs":true,"m_FxEnabled":true},"in2DMode":false,"pivot":{"x":2.0260064601898195,"y":-9.828076362609864,"z":0.3895876705646515},"rotation":{"x":0.47164154052734377,"y":-0.5187284350395203,"z":0.4302438497543335,"w":0.5686958432197571},"size":21.620328903198243,"orthographic":false}