{"cameraMode":{"drawMode":0,"name":"Shaded","section":"Shading Mode"},"sceneLighting":false,"audioPlay":false,"sceneViewState":{"m_AlwaysRefresh":false,"showFog":true,"showSkybox":true,"showFlares":true,"showImageEffects":true,"showParticleSystems":true,"showVisualEffectGraphs":true,"m_FxEnabled":true},"in2DMode":false,"pivot":{"x":19.511396408081056,"y":8.51423454284668,"z":20.483562469482423},"rotation":{"x":0.020179567858576776,"y":-0.8305011987686157,"z":0.555839478969574,"w":0.030153699219226838},"size":11.254633903503418,"orthographic":false}