{"cameraMode":{"drawMode":0,"name":"Shaded","section":"Shading Mode"},"sceneLighting":false,"audioPlay":false,"sceneViewState":{"m_AlwaysRefresh":false,"showFog":true,"showSkybox":true,"showFlares":true,"showImageEffects":true,"showParticleSystems":true,"showVisualEffectGraphs":true,"m_FxEnabled":true},"in2DMode":false,"pivot":{"x":24.378108978271486,"y":0.3246527910232544,"z":25.39946937561035},"rotation":{"x":0.13901636004447938,"y":-0.6947083473205566,"z":0.13960114121437074,"w":0.6917890310287476},"size":1.2791935205459595,"orthographic":false}