{"cameraMode":{"drawMode":0,"name":"Shaded","section":"Shading Mode"},"sceneLighting":false,"audioPlay":false,"sceneViewState":{"m_AlwaysRefresh":false,"showFog":true,"showSkybox":true,"showFlares":true,"showImageEffects":true,"showParticleSystems":true,"showVisualEffectGraphs":true,"m_FxEnabled":true},"in2DMode":false,"pivot":{"x":26.26670265197754,"y":-28.43252944946289,"z":7.593544960021973},"rotation":{"x":0.0024291451554745437,"y":-0.7807117700576782,"z":0.6248995065689087,"w":0.0030505084432661535},"size":33.82900619506836,"orthographic":false}