{"cameraMode":{"drawMode":0,"name":"Shaded","section":"Shading Mode"},"sceneLighting":true,"audioPlay":false,"sceneViewState":{"m_AlwaysRefresh":false,"showFog":true,"showSkybox":true,"showFlares":true,"showImageEffects":true,"showParticleSystems":true,"showVisualEffectGraphs":true,"m_FxEnabled":true},"in2DMode":false,"pivot":{"x":36.63534164428711,"y":2.2699997425079347,"z":48.16313171386719},"rotation":{"x":0.5302470922470093,"y":0.003815341042354703,"z":-0.002386133885011077,"w":0.8478313684463501},"size":2.3579320907592775,"orthographic":false}