{"cameraMode":{"drawMode":0,"name":"Shaded","section":"Shading Mode"},"sceneLighting":false,"audioPlay":false,"sceneViewState":{"m_AlwaysRefresh":false,"showFog":true,"showSkybox":true,"showFlares":true,"showImageEffects":true,"showParticleSystems":true,"showVisualEffectGraphs":true,"m_FxEnabled":true},"in2DMode":false,"pivot":{"x":17.906307220458986,"y":-1.0499999523162842,"z":20.422618865966798},"rotation":{"x":-0.10290442407131195,"y":0.8963959217071533,"z":-0.32305216789245608,"w":-0.2855498790740967},"size":2.9174532890319826,"orthographic":false}