{"cameraMode":{"drawMode":0,"name":"Shaded","section":"Shading Mode"},"sceneLighting":false,"audioPlay":false,"sceneViewState":{"m_AlwaysRefresh":false,"showFog":true,"showSkybox":true,"showFlares":true,"showImageEffects":true,"showParticleSystems":true,"showVisualEffectGraphs":true,"m_FxEnabled":true},"in2DMode":false,"pivot":{"x":24.935016632080079,"y":-0.28244197368621828,"z":23.899999618530275},"rotation":{"x":-0.19225859642028809,"y":0.7459493279457092,"z":-0.24332304298877717,"w":-0.5894039273262024},"size":9.530660629272461,"orthographic":false}