{"cameraMode":{"drawMode":0,"name":"Shaded","section":"Shading Mode"},"sceneLighting":false,"audioPlay":false,"sceneViewState":{"m_AlwaysRefresh":false,"showFog":true,"showSkybox":true,"showFlares":true,"showImageEffects":true,"showParticleSystems":true,"showVisualEffectGraphs":true,"m_FxEnabled":true},"in2DMode":false,"pivot":{"x":-0.05100545287132263,"y":0.9478592872619629,"z":0.11796015501022339},"rotation":{"x":0.10221674293279648,"y":-0.795615553855896,"z":0.14010420441627503,"w":0.5804513692855835},"size":7.47777795791626,"orthographic":false}