{"cameraMode":{"drawMode":0,"name":"Shaded","section":"Shading Mode"},"sceneLighting":false,"audioPlay":false,"sceneViewState":{"m_AlwaysRefresh":false,"showFog":true,"showSkybox":true,"showFlares":true,"showImageEffects":true,"showParticleSystems":true,"showVisualEffectGraphs":true,"m_FxEnabled":true},"in2DMode":false,"pivot":{"x":16.917387008666993,"y":0.5100857615470886,"z":20.010772705078126},"rotation":{"x":0.029391828924417497,"y":-0.7925551533699036,"z":0.03831600025296211,"w":0.6078877449035645},"size":0.29250138998031618,"orthographic":false}