{"cameraMode":{"drawMode":0,"name":"Shaded","section":"Shading Mode"},"sceneLighting":true,"audioPlay":false,"sceneViewState":{"m_AlwaysRefresh":false,"showFog":true,"showSkybox":true,"showFlares":true,"showImageEffects":true,"showParticleSystems":true,"showVisualEffectGraphs":true,"m_FxEnabled":true},"in2DMode":false,"pivot":{"x":-33.514862060546878,"y":0.08702921867370606,"z":89.07337188720703},"rotation":{"x":0.05591634660959244,"y":-0.583622932434082,"z":0.04033399000763893,"w":0.809093177318573},"size":11.460440635681153,"orthographic":true}