{"cameraMode":{"drawMode":0,"name":"Shaded","section":"Shading Mode"},"sceneLighting":false,"audioPlay":false,"sceneViewState":{"m_AlwaysRefresh":false,"showFog":true,"showSkybox":true,"showFlares":true,"showImageEffects":true,"showParticleSystems":true,"showVisualEffectGraphs":true,"m_FxEnabled":true},"in2DMode":false,"pivot":{"x":-11.150247573852539,"y":-0.9900000095367432,"z":-18.581809997558595},"rotation":{"x":0.15053018927574159,"y":-0.8402501344680786,"z":0.2942980229854584,"w":0.42977845668792727},"size":2.9865026473999025,"orthographic":false}