{"cameraMode":{"drawMode":0,"name":"Shaded","section":"Shading Mode"},"sceneLighting":true,"audioPlay":false,"sceneViewState":{"m_AlwaysRefresh":false,"showFog":true,"showSkybox":false,"showFlares":true,"showImageEffects":true,"showParticleSystems":true,"showVisualEffectGraphs":true,"m_FxEnabled":true},"in2DMode":false,"pivot":{"x":6.699999809265137,"y":5.699999809265137,"z":8.800000190734864},"rotation":{"x":-0.006977669894695282,"y":0.9335943460464478,"z":-0.35781824588775637,"w":-0.018207889050245286},"size":19.97530746459961,"orthographic":false}